Initial approximation: x = -0.5, y = -1.0
Iteration,x,y,||F(x,y)||
0,-0.5,-1.0,1.7914447760592938
1,-0.9122703764770452,-0.4561351882385226,0.19077382995461478
2,-1.0174111858966681,-0.5284948999369105,0.009386977575315902
3,-1.01255795009185,-0.5246568204555598,2.0392733412278615e-05
Solution was found on iteration 4
