Initial approximation: x = 1.0, y = 1.0
Iteration,x,y,||F(x,y)||
0,1.0,1.0,0.75
1,1.375,1.0,0.14089556193703862
2,1.322266544523837,0.997803998720276,0.0028325950974921817
3,1.3210497584162393,0.9975825944066198,1.493924774459884e-06
Solution was found on iteration 4
